{
    "model_type": "XGBoost",
    "hyperparameters": {
        "n_estimators": 100,
        "max_depth": 6,
        "learning_rate": 0.3,
        "random_state": 42
    },
    "features": [
        "SMA_20",
        "SMA_50",
        "EMA_12",
        "EMA_26",
        "RSI_14",
        "MACD",
        "MACD_Signal",
        "MACD_Hist",
        "BB_Middle",
        "BB_Upper",
        "BB_Lower",
        "ATR_14",
        "Daily_Returns",
        "Log_Returns",
        "Rolling_Volatility"
    ],
    "target_column": "Target",
    "sequence_length": 1,
    "training_stats": {
        "train_losses": [],
        "val_losses": [
            138.91888750287438,
            99.19397098902553,
            71.93876604261293,
            52.92865137738054,
            40.059866976223276,
            32.14668000403355,
            28.729751883600244,
            26.437521355230466,
            25.482166997425175,
            25.06698620361233,
            24.988154171729768,
            25.513067386657614,
            26.076366584604212,
            26.120912530190925,
            26.59239655109861,
            26.52223728018591,
            26.667620647069626,
            26.757830295041703,
            26.589055788016672,
            26.618410106939287,
            26.606846664070243,
            26.81607495660839,
            26.802839002084276,
            26.80512341500341,
            26.7446058301686,
            26.67820223751849,
            26.68667690769272,
            26.72311119266521,
            26.796067712335763,
            26.87020056599734,
            26.901431202904188,
            26.916606206238715,
            26.93325586784376,
            26.984292588578274,
            27.08835590067242,
            27.153669822249153,
            27.174335361541676,
            27.19070399167613,
            27.196347587005757,
            27.26832536999909,
            27.2678152771267,
            27.254617935076215,
            27.32284536465469,
            27.32663422948276,
            27.327109164419404,
            27.25625940938906,
            27.221422463305732,
            27.28206484612887,
            27.284308291304665,
            27.358433028848705,
            27.353132857680038,
            27.353573620751696,
            27.353371100243095,
            27.35948657440974,
            27.371265784622047,
            27.371312324345173,
            27.396426772426032,
            27.369760379211872,
            27.379490632315772,
            27.375614370124293,
            27.372376626030295,
            27.37042376588124,
            27.418248558798357,
            27.426785358539405,
            27.423651348557904,
            27.414668683941354,
            27.412314633718207,
            27.416535287504843,
            27.428026530422656,
            27.428042204787605,
            27.428384934724875,
            27.414712798639325,
            27.406018323638733,
            27.42066361356837,
            27.42088585789664,
            27.420615244635453,
            27.415603784654373,
            27.41579965723523,
            27.430561390207146,
            27.426555608752373,
            27.435674241151144,
            27.441430349258912,
            27.450254909538916,
            27.451190856548603,
            27.45392079704604,
            27.44785826623426,
            27.44693091126063,
            27.446868119492407,
            27.449939776725405,
            27.450819496110554,
            27.450570698959137,
            27.45333893474926,
            27.452909677034665,
            27.452470911177077,
            27.458243687119882,
            27.459900412980925,
            27.46299988164693,
            27.464403898334794,
            27.460647333306287,
            27.459475115027466
        ],
        "best_epoch": 100,
        "best_val_loss": 27.459475115027466,
        "device_used": "cpu",
        "total_train_time_sec": 0.18024050001986325,
        "total_val_time_sec": 0.0
    },
    "created_at": "2026-07-19T17:29:26.246031Z"
}